curr_prob,curr_search,Expansions,Goal Tests,New Nodes,Run Time,Actions
Air Cargo Problem 1,breadth_first_search,43,56,180,0.027285132971783605,"['Load(C2, P2, JFK)', 'Load(C1, P1, SFO)', 'Fly(P2, JFK, SFO)', 'Unload(C2, P2, SFO)', 'Fly(P1, SFO, JFK)', 'Unload(C1, P1, JFK)']"
Air Cargo Problem 1,depth_first_graph_search,12,13,48,0.008828113429762266,"['Fly(P1, SFO, JFK)', 'Fly(P2, JFK, SFO)', 'Load(C1, P2, SFO)', 'Fly(P2, SFO, JFK)', 'Fly(P1, JFK, SFO)', 'Unload(C1, P2, JFK)', 'Fly(P2, JFK, SFO)', 'Fly(P1, SFO, JFK)', 'Load(C2, P1, JFK)', 'Fly(P2, SFO, JFK)', 'Fly(P1, JFK, SFO)', 'Unload(C2, P1, SFO)']"
Air Cargo Problem 1,uniform_cost_search,55,57,224,0.03649019372765291,"['Load(C1, P1, SFO)', 'Load(C2, P2, JFK)', 'Fly(P1, SFO, JFK)', 'Fly(P2, JFK, SFO)', 'Unload(C1, P1, JFK)', 'Unload(C2, P2, SFO)']"
Air Cargo Problem 1,greedy_best_first_graph_search with h_1,7,9,28,0.003639357673293514,"['Load(C1, P1, SFO)', 'Load(C2, P2, JFK)', 'Fly(P1, SFO, JFK)', 'Fly(P2, JFK, SFO)', 'Unload(C1, P1, JFK)', 'Unload(C2, P2, SFO)']"
Air Cargo Problem 1,astar_search with h_1,55,57,224,0.032250682313448104,"['Load(C1, P1, SFO)', 'Load(C2, P2, JFK)', 'Fly(P1, SFO, JFK)', 'Fly(P2, JFK, SFO)', 'Unload(C1, P1, JFK)', 'Unload(C2, P2, SFO)']"
Air Cargo Problem 1,astar_search with h_ignore_preconditions,41,43,170,0.030720325535801174,"['Load(C1, P1, SFO)', 'Fly(P1, SFO, JFK)', 'Unload(C1, P1, JFK)', 'Load(C2, P2, JFK)', 'Fly(P2, JFK, SFO)', 'Unload(C2, P2, SFO)']"
Air Cargo Problem 1,astar_search with h_pg_levelsum,11,13,50,0.5408407794241064,"['Load(C1, P1, SFO)', 'Fly(P1, SFO, JFK)', 'Load(C2, P2, JFK)', 'Fly(P2, JFK, SFO)', 'Unload(C1, P1, JFK)', 'Unload(C2, P2, SFO)']"
Air Cargo Problem 2,breadth_first_search,3063,4274,25442,8.716775037553687,"['Load(C2, P2, JFK)', 'Load(C1, P1, SFO)', 'Fly(P2, JFK, ATL)', 'Load(C3, P2, ATL)', 'Fly(P1, SFO, JFK)', 'Unload(C1, P1, JFK)', 'Fly(P2, ATL, SFO)', 'Unload(C2, P2, SFO)', 'Unload(C3, P2, SFO)']"
Air Cargo Problem 2,depth_first_graph_search,42,43,260,0.06977192747378247,"['Fly(P3, ATL, SFO)', 'Fly(P1, SFO, ATL)', 'Fly(P2, JFK, ATL)', 'Fly(P1, ATL, JFK)', 'Fly(P2, ATL, SFO)', 'Load(C1, P2, SFO)', 'Fly(P2, SFO, ATL)', 'Fly(P1, JFK, ATL)', 'Fly(P2, ATL, JFK)', 'Fly(P1, ATL, SFO)', 'Unload(C1, P2, JFK)', 'Fly(P1, SFO, JFK)', 'Fly(P2, JFK, ATL)', 'Fly(P1, JFK, ATL)', 'Fly(P2, ATL, SFO)', 'Load(C3, P1, ATL)', 'Fly(P1, ATL, SFO)', 'Fly(P2, SFO, ATL)', 'Fly(P1, SFO, JFK)', 'Fly(P2, ATL, JFK)', 'Unload(C3, P1, JFK)', 'Fly(P1, JFK, ATL)', 'Load(C3, P2, JFK)', 'Fly(P1, ATL, SFO)', 'Fly(P2, JFK, SFO)', 'Fly(P1, SFO, JFK)', 'Unload(C3, P2, SFO)', 'Fly(P2, SFO, ATL)', 'Fly(P1, JFK, ATL)', 'Fly(P2, ATL, JFK)', 'Fly(P1, ATL, SFO)', 'Load(C2, P2, JFK)', 'Fly(P1, SFO, JFK)', 'Fly(P2, JFK, ATL)', 'Fly(P1, JFK, ATL)', 'Fly(P2, ATL, SFO)', 'Unload(C2, P2, SFO)']"
Air Cargo Problem 2,uniform_cost_search,4395,4397,36060,8.17541485362878,"['Load(C1, P1, SFO)', 'Load(C2, P2, JFK)', 'Fly(P2, JFK, ATL)', 'Load(C3, P2, ATL)', 'Fly(P1, SFO, JFK)', 'Fly(P2, ATL, SFO)', 'Unload(C3, P2, SFO)', 'Unload(C1, P1, JFK)', 'Unload(C2, P2, SFO)']"
Air Cargo Problem 2,greedy_best_first_graph_search with h_1,1353,1355,10660,2.5416235886513796,"['Load(C1, P1, SFO)', 'Load(C2, P2, JFK)', 'Load(C3, P3, ATL)', 'Fly(P1, SFO, ATL)', 'Fly(P2, JFK, ATL)', 'Fly(P3, ATL, JFK)', 'Fly(P1, ATL, JFK)', 'Unload(C1, P1, JFK)', 'Load(C1, P3, JFK)', 'Fly(P1, JFK, ATL)', 'Unload(C2, P2, ATL)', 'Fly(P3, JFK, ATL)', 'Load(C2, P3, ATL)', 'Fly(P3, ATL, JFK)', 'Unload(C3, P3, JFK)', 'Fly(P2, ATL, JFK)', 'Load(C3, P2, JFK)', 'Fly(P2, JFK, ATL)', 'Fly(P3, JFK, ATL)', 'Unload(C2, P3, ATL)', 'Fly(P3, ATL, JFK)', 'Load(C2, P2, ATL)', 'Fly(P2, ATL, SFO)', 'Unload(C3, P2, SFO)', 'Unload(C2, P2, SFO)', 'Fly(P2, SFO, ATL)', 'Unload(C1, P3, JFK)']"
Air Cargo Problem 2,astar_search with h_1,4395,4397,36060,8.816888227536548,"['Load(C1, P1, SFO)', 'Load(C2, P2, JFK)', 'Fly(P2, JFK, ATL)', 'Load(C3, P2, ATL)', 'Fly(P1, SFO, JFK)', 'Fly(P2, ATL, SFO)', 'Unload(C3, P2, SFO)', 'Unload(C1, P1, JFK)', 'Unload(C2, P2, SFO)']"
Air Cargo Problem 2,astar_search with h_ignore_preconditions,1294,1296,10927,3.170809678625073,"['Load(C2, P2, JFK)', 'Fly(P2, JFK, ATL)', 'Load(C3, P2, ATL)', 'Fly(P2, ATL, SFO)', 'Unload(C3, P2, SFO)', 'Load(C1, P1, SFO)', 'Fly(P1, SFO, JFK)', 'Unload(C1, P1, JFK)', 'Unload(C2, P2, SFO)']"
Air Cargo Problem 2,astar_search with h_pg_levelsum,252,254,2055,84.35557169756765,"['Load(C2, P2, JFK)', 'Fly(P2, JFK, ATL)', 'Load(C3, P2, ATL)', 'Fly(P2, ATL, SFO)', 'Load(C1, P1, SFO)', 'Fly(P1, SFO, JFK)', 'Unload(C3, P2, SFO)', 'Unload(C1, P1, JFK)', 'Unload(C2, P2, SFO)']"
Air Cargo Problem 3,breadth_first_search,14663,18098,129631,92.4024912374733,"['Load(C2, P2, JFK)', 'Load(C1, P1, SFO)', 'Fly(P2, JFK, ORD)', 'Load(C4, P2, ORD)', 'Fly(P1, SFO, ATL)', 'Load(C3, P1, ATL)', 'Fly(P1, ATL, JFK)', 'Unload(C1, P1, JFK)', 'Unload(C3, P1, JFK)', 'Fly(P2, ORD, SFO)', 'Unload(C2, P2, SFO)', 'Unload(C4, P2, SFO)']"
Air Cargo Problem 3,depth_first_graph_search,592,593,4927,2.591931423090756,"['Fly(P1, SFO, ORD)', 'Fly(P2, JFK, ORD)', 'Fly(P1, ORD, ATL)', 'Fly(P2, ORD, ATL)', 'Fly(P1, ATL, JFK)', 'Fly(P2, ATL, SFO)', 'Load(C1, P2, SFO)', 'Fly(P2, SFO, ORD)', 'Fly(P1, JFK, ORD)', 'Fly(P2, ORD, ATL)', 'Fly(P1, ORD, ATL)', 'Fly(P2, ATL, JFK)', 'Fly(P1, ATL, SFO)', 'Unload(C1, P2, JFK)', 'Fly(P1, SFO, ORD)', 'Fly(P2, JFK, ORD)', 'Fly(P1, ORD, ATL)', 'Fly(P2, ORD, ATL)', 'Fly(P1, ATL, JFK)', 'Fly(P2, ATL, SFO)', 'Load(C2, P1, JFK)', 'Fly(P2, SFO, ORD)', 'Fly(P1, JFK, ORD)', 'Fly(P2, ORD, ATL)', 'Fly(P1, ORD, ATL)', 'Fly(P2, ATL, JFK)', 'Fly(P1, ATL, SFO)', 'Unload(C2, P1, SFO)', 'Fly(P1, SFO, ORD)', 'Fly(P2, JFK, ORD)', 'Fly(P1, ORD, ATL)', 'Fly(P2, ORD, ATL)', 'Fly(P1, ATL, JFK)', 'Fly(P2, ATL, SFO)', 'Load(C2, P2, SFO)', 'Fly(P2, SFO, ORD)', 'Fly(P1, JFK, ORD)', 'Fly(P2, ORD, ATL)', 'Fly(P1, ORD, ATL)', 'Fly(P2, ATL, JFK)', 'Load(C3, P1, ATL)', 'Fly(P1, ATL, ORD)', 'Fly(P2, JFK, ORD)', 'Fly(P1, ORD, SFO)', 'Fly(P2, ORD, ATL)', 'Fly(P1, SFO, JFK)', 'Fly(P2, ATL, SFO)', 'Unload(C2, P2, SFO)', 'Fly(P2, SFO, ORD)', 'Fly(P1, JFK, ORD)', 'Fly(P2, ORD, ATL)', 'Fly(P1, ORD, SFO)', 'Fly(P2, ATL, JFK)', 'Fly(P1, SFO, ATL)', 'Load(C1, P2, JFK)', 'Fly(P1, ATL, ORD)', 'Fly(P2, JFK, ORD)', 'Fly(P1, ORD, SFO)', 'Fly(P2, ORD, ATL)', 'Fly(P1, SFO, JFK)', 'Fly(P2, ATL, SFO)', 'Unload(C1, P2, SFO)', 'Fly(P2, SFO, ORD)', 'Fly(P1, JFK, ORD)', 'Fly(P2, ORD, ATL)', 'Fly(P1, ORD, ATL)', 'Fly(P2, ATL, JFK)', 'Fly(P1, ATL, SFO)', 'Unload(C3, P1, SFO)', 'Fly(P1, SFO, ORD)', 'Fly(P2, JFK, ORD)', 'Fly(P1, ORD, ATL)', 'Fly(P2, ORD, ATL)', 'Fly(P1, ATL, JFK)', 'Fly(P2, ATL, SFO)', 'Load(C3, P2, SFO)', 'Fly(P2, SFO, ORD)', 'Fly(P1, JFK, ORD)', 'Fly(P2, ORD, ATL)', 'Fly(P1, ORD, ATL)', 'Fly(P2, ATL, JFK)', 'Fly(P1, ATL, SFO)', 'Unload(C3, P2, JFK)', 'Fly(P1, SFO, ORD)', 'Fly(P2, JFK, ORD)', 'Fly(P1, ORD, ATL)', 'Fly(P2, ORD, SFO)', 'Load(C2, P2, SFO)', 'Fly(P1, ATL, ORD)', 'Fly(P2, SFO, ORD)', 'Fly(P1, ORD, SFO)', 'Fly(P2, ORD, ATL)', 'Fly(P1, SFO, JFK)', 'Fly(P2, ATL, JFK)', 'Unload(C2, P2, JFK)', 'Fly(P2, JFK, ORD)', 'Fly(P1, JFK, ORD)', 'Fly(P2, ORD, ATL)', 'Fly(P1, ORD, ATL)', 'Fly(P2, ATL, SFO)', 'Fly(P1, ATL, SFO)', 'Load(C1, P2, SFO)', 'Fly(P2, SFO, ORD)', 'Fly(P1, SFO, ORD)', 'Fly(P2, ORD, ATL)', 'Fly(P1, ORD, ATL)', 'Fly(P2, ATL, JFK)', 'Fly(P1, ATL, JFK)', 'Unload(C1, P2, JFK)', 'Fly(P2, JFK, ORD)', 'Fly(P1, JFK, ORD)', 'Fly(P2, ORD, ATL)', 'Load(C4, P1, ORD)', 'Fly(P1, ORD, ATL)', 'Fly(P2, ATL, ORD)', 'Fly(P1, ATL, SFO)', 'Fly(P2, ORD, SFO)', 'Fly(P1, SFO, JFK)', 'Fly(P2, SFO, JFK)', 'Unload(C4, P1, JFK)', 'Fly(P2, JFK, ORD)', 'Load(C3, P1, JFK)', 'Fly(P2, ORD, ATL)', 'Fly(P1, JFK, ORD)', 'Fly(P2, ATL, SFO)', 'Fly(P1, ORD, ATL)', 'Fly(P2, SFO, JFK)', 'Fly(P1, ATL, SFO)', 'Unload(C3, P1, SFO)', 'Fly(P1, SFO, ORD)', 'Fly(P2, JFK, ORD)', 'Fly(P1, ORD, ATL)', 'Fly(P2, ORD, ATL)', 'Fly(P1, ATL, JFK)', 'Fly(P2, ATL, SFO)', 'Load(C3, P2, SFO)', 'Fly(P2, SFO, ORD)', 'Fly(P1, JFK, ORD)', 'Fly(P2, ORD, ATL)', 'Fly(P1, ORD, ATL)', 'Fly(P2, ATL, JFK)', 'Fly(P1, ATL, SFO)', 'Load(C4, P2, JFK)', 'Fly(P1, SFO, ORD)', 'Fly(P2, JFK, ORD)', 'Fly(P1, ORD, ATL)', 'Fly(P2, ORD, ATL)', 'Fly(P1, ATL, JFK)', 'Fly(P2, ATL, SFO)', 'Unload(C4, P2, SFO)', 'Fly(P2, SFO, ORD)', 'Fly(P1, JFK, ORD)', 'Fly(P2, ORD, ATL)', 'Fly(P1, ORD, ATL)', 'Fly(P2, ATL, JFK)', 'Fly(P1, ATL, SFO)', 'Unload(C3, P2, JFK)', 'Fly(P1, SFO, ORD)', 'Fly(P2, JFK, ORD)', 'Fly(P1, ORD, ATL)', 'Fly(P2, ORD, ATL)', 'Fly(P1, ATL, JFK)', 'Fly(P2, ATL, SFO)', 'Load(C4, P2, SFO)', 'Fly(P2, SFO, ATL)', 'Fly(P1, JFK, ORD)', 'Unload(C4, P2, ATL)', 'Fly(P1, ORD, SFO)', 'Fly(P2, ATL, ORD)', 'Fly(P1, SFO, JFK)', 'Fly(P2, ORD, SFO)', 'Fly(P1, JFK, ATL)', 'Fly(P2, SFO, JFK)', 'Load(C3, P2, JFK)', 'Fly(P1, ATL, ORD)', 'Fly(P2, JFK, ORD)', 'Fly(P1, ORD, SFO)', 'Fly(P2, ORD, ATL)', 'Unload(C3, P2, ATL)', 'Fly(P2, ATL, ORD)', 'Fly(P1, SFO, ORD)', 'Fly(P2, ORD, SFO)', 'Fly(P1, ORD, ATL)', 'Fly(P2, SFO, JFK)', 'Fly(P1, ATL, JFK)', 'Load(C2, P2, JFK)', 'Fly(P2, JFK, ORD)', 'Fly(P1, JFK, ORD)', 'Fly(P2, ORD, ATL)', 'Fly(P1, ORD, ATL)', 'Fly(P2, ATL, SFO)', 'Fly(P1, ATL, SFO)', 'Unload(C2, P2, SFO)', 'Fly(P2, SFO, ORD)', 'Fly(P1, SFO, ORD)', 'Fly(P2, ORD, ATL)', 'Fly(P1, ORD, ATL)', 'Fly(P2, ATL, JFK)', 'Fly(P1, ATL, JFK)', 'Load(C1, P2, JFK)', 'Fly(P2, JFK, ORD)', 'Fly(P1, JFK, ORD)', 'Fly(P2, ORD, ATL)', 'Fly(P1, ORD, ATL)', 'Fly(P2, ATL, SFO)', 'Fly(P1, ATL, SFO)', 'Unload(C1, P2, SFO)', 'Fly(P2, SFO, ORD)', 'Fly(P1, SFO, ORD)', 'Fly(P2, ORD, ATL)', 'Fly(P1, ORD, ATL)', 'Fly(P2, ATL, JFK)', 'Load(C4, P1, ATL)', 'Fly(P1, ATL, ORD)', 'Fly(P2, JFK, ORD)', 'Fly(P1, ORD, SFO)', 'Fly(P2, ORD, ATL)', 'Fly(P1, SFO, JFK)', 'Fly(P2, ATL, SFO)', 'Unload(C4, P1, JFK)', 'Fly(P2, SFO, ORD)', 'Fly(P1, JFK, ORD)', 'Fly(P2, ORD, ATL)', 'Fly(P1, ORD, ATL)', 'Fly(P2, ATL, JFK)', 'Fly(P1, ATL, SFO)', 'Load(C2, P1, SFO)', 'Fly(P1, SFO, ORD)', 'Fly(P2, JFK, ORD)', 'Fly(P1, ORD, ATL)', 'Fly(P2, ORD, ATL)', 'Fly(P1, ATL, JFK)', 'Fly(P2, ATL, SFO)', 'Unload(C2, P1, JFK)', 'Fly(P2, SFO, ORD)', 'Fly(P1, JFK, ORD)', 'Fly(P2, ORD, ATL)', 'Fly(P1, ORD, ATL)', 'Fly(P2, ATL, JFK)', 'Fly(P1, ATL, SFO)', 'Load(C1, P1, SFO)', 'Fly(P1, SFO, ORD)', 'Fly(P2, JFK, ORD)', 'Fly(P1, ORD, ATL)', 'Fly(P2, ORD, ATL)', 'Fly(P1, ATL, JFK)', 'Fly(P2, ATL, SFO)', 'Unload(C1, P1, JFK)', 'Fly(P2, SFO, ORD)', 'Fly(P1, JFK, ORD)', 'Fly(P2, ORD, JFK)', 'Fly(P1, ORD, SFO)', 'Load(C4, P2, JFK)', 'Fly(P1, SFO, ATL)', 'Fly(P2, JFK, SFO)', 'Fly(P1, ATL, ORD)', 'Unload(C4, P2, SFO)', 'Fly(P1, ORD, SFO)', 'Fly(P2, SFO, ORD)', 'Fly(P1, SFO, ATL)', 'Fly(P2, ORD, JFK)', 'Fly(P1, ATL, JFK)', 'Fly(P2, JFK, ATL)', 'Load(C2, P1, JFK)', 'Fly(P2, ATL, ORD)', 'Fly(P1, JFK, ORD)', 'Fly(P2, ORD, SFO)', 'Fly(P1, ORD, ATL)', 'Fly(P2, SFO, JFK)', 'Fly(P1, ATL, SFO)', 'Unload(C2, P1, SFO)', 'Fly(P1, SFO, ORD)', 'Fly(P2, JFK, ORD)', 'Fly(P1, ORD, ATL)', 'Fly(P2, ORD, ATL)', 'Fly(P1, ATL, JFK)', 'Fly(P2, ATL, SFO)', 'Load(C4, P2, SFO)', 'Fly(P2, SFO, ORD)', 'Fly(P1, JFK, SFO)', 'Fly(P2, ORD, ATL)', 'Load(C3, P2, ATL)', 'Fly(P2, ATL, ORD)', 'Fly(P1, SFO, ORD)', 'Fly(P2, ORD, SFO)', 'Fly(P1, ORD, ATL)', 'Fly(P2, SFO, JFK)', 'Fly(P1, ATL, JFK)', 'Unload(C4, P2, JFK)', 'Fly(P2, JFK, ORD)', 'Fly(P1, JFK, ORD)', 'Fly(P2, ORD, ATL)', 'Fly(P1, ORD, ATL)', 'Fly(P2, ATL, SFO)', 'Fly(P1, ATL, SFO)', 'Unload(C3, P2, SFO)', 'Fly(P2, SFO, ORD)', 'Fly(P1, SFO, ORD)', 'Fly(P2, ORD, ATL)', 'Fly(P1, ORD, ATL)', 'Fly(P2, ATL, JFK)', 'Fly(P1, ATL, JFK)', 'Load(C4, P2, JFK)', 'Fly(P2, JFK, ORD)', 'Fly(P1, JFK, ORD)', 'Fly(P2, ORD, ATL)', 'Fly(P1, ORD, ATL)', 'Unload(C4, P2, ATL)', 'Fly(P2, ATL, ORD)', 'Fly(P1, ATL, ORD)', 'Fly(P2, ORD, SFO)', 'Fly(P1, ORD, SFO)', 'Fly(P2, SFO, JFK)', 'Fly(P1, SFO, JFK)', 'Load(C1, P2, JFK)', 'Fly(P2, JFK, ORD)', 'Fly(P1, JFK, ORD)', 'Fly(P2, ORD, ATL)', 'Fly(P1, ORD, ATL)', 'Fly(P2, ATL, SFO)', 'Fly(P1, ATL, SFO)', 'Unload(C1, P2, SFO)', 'Fly(P2, SFO, ORD)', 'Fly(P1, SFO, ORD)', 'Fly(P2, ORD, ATL)', 'Fly(P1, ORD, ATL)', 'Fly(P2, ATL, JFK)', 'Load(C4, P1, ATL)', 'Fly(P1, ATL, SFO)', 'Fly(P2, JFK, ORD)', 'Fly(P1, SFO, JFK)', 'Fly(P2, ORD, ATL)', 'Fly(P1, JFK, ORD)', 'Fly(P2, ATL, SFO)', 'Load(C3, P2, SFO)', 'Fly(P1, ORD, ATL)', 'Fly(P2, SFO, ORD)', 'Fly(P1, ATL, SFO)', 'Fly(P2, ORD, JFK)', 'Fly(P1, SFO, JFK)', 'Unload(C4, P1, JFK)', 'Fly(P2, JFK, ORD)', 'Fly(P1, JFK, ORD)', 'Fly(P2, ORD, SFO)', 'Fly(P1, ORD, ATL)', 'Unload(C3, P2, SFO)', 'Fly(P1, ATL, SFO)', 'Fly(P2, SFO, ORD)', 'Fly(P1, SFO, ORD)', 'Fly(P2, ORD, JFK)', 'Fly(P1, ORD, JFK)', 'Load(C4, P2, JFK)', 'Fly(P2, JFK, ORD)', 'Fly(P1, JFK, SFO)', 'Fly(P2, ORD, ATL)', 'Load(C3, P1, SFO)', 'Fly(P2, ATL, SFO)', 'Fly(P1, SFO, ORD)', 'Fly(P2, SFO, JFK)', 'Fly(P1, ORD, ATL)', 'Fly(P2, JFK, ORD)', 'Unload(C3, P1, ATL)', 'Fly(P2, ORD, SFO)', 'Fly(P1, ATL, ORD)', 'Fly(P2, SFO, JFK)', 'Fly(P1, ORD, JFK)', 'Fly(P2, JFK, ATL)', 'Fly(P1, JFK, SFO)', 'Load(C3, P2, ATL)', 'Fly(P2, ATL, ORD)', 'Fly(P1, SFO, ATL)', 'Fly(P2, ORD, SFO)', 'Fly(P1, ATL, ORD)', 'Fly(P2, SFO, JFK)', 'Unload(C3, P2, JFK)', 'Fly(P1, ORD, ATL)', 'Fly(P2, JFK, ATL)', 'Fly(P1, ATL, SFO)', 'Fly(P2, ATL, ORD)', 'Fly(P1, SFO, JFK)', 'Fly(P2, ORD, SFO)', 'Unload(C4, P2, SFO)', 'Fly(P2, SFO, ORD)', 'Fly(P1, JFK, ORD)', 'Fly(P2, ORD, ATL)', 'Fly(P1, ORD, ATL)', 'Fly(P2, ATL, JFK)', 'Fly(P1, ATL, SFO)', 'Load(C2, P1, SFO)', 'Fly(P1, SFO, ORD)', 'Fly(P2, JFK, ORD)', 'Fly(P1, ORD, ATL)', 'Fly(P2, ORD, ATL)', 'Fly(P1, ATL, JFK)', 'Fly(P2, ATL, SFO)', 'Unload(C2, P1, JFK)', 'Fly(P2, SFO, ORD)', 'Fly(P1, JFK, ORD)', 'Fly(P2, ORD, ATL)', 'Fly(P1, ORD, ATL)', 'Fly(P2, ATL, JFK)', 'Fly(P1, ATL, SFO)', 'Load(C4, P1, SFO)', 'Fly(P1, SFO, ORD)', 'Fly(P2, JFK, SFO)', 'Fly(P1, ORD, ATL)', 'Fly(P2, SFO, ORD)', 'Fly(P1, ATL, JFK)', 'Fly(P2, ORD, ATL)', 'Unload(C4, P1, JFK)', 'Fly(P2, ATL, SFO)', 'Fly(P1, JFK, ORD)', 'Fly(P2, SFO, ORD)', 'Fly(P1, ORD, ATL)', 'Fly(P2, ORD, JFK)', 'Fly(P1, ATL, SFO)', 'Load(C1, P1, SFO)', 'Fly(P1, SFO, ORD)', 'Fly(P2, JFK, ORD)', 'Fly(P1, ORD, ATL)', 'Fly(P2, ORD, ATL)', 'Fly(P1, ATL, JFK)', 'Fly(P2, ATL, SFO)', 'Load(C3, P1, JFK)', 'Fly(P2, SFO, JFK)', 'Fly(P1, JFK, ORD)', 'Fly(P2, JFK, ORD)', 'Fly(P1, ORD, SFO)', 'Fly(P2, ORD, ATL)', 'Unload(C3, P1, SFO)', 'Fly(P2, ATL, SFO)', 'Fly(P1, SFO, ORD)', 'Fly(P2, SFO, ORD)', 'Fly(P1, ORD, ATL)', 'Fly(P2, ORD, JFK)', 'Fly(P1, ATL, JFK)', 'Load(C4, P2, JFK)', 'Fly(P2, JFK, ORD)', 'Fly(P1, JFK, ORD)', 'Fly(P2, ORD, ATL)', 'Fly(P1, ORD, ATL)', 'Fly(P2, ATL, SFO)', 'Fly(P1, ATL, SFO)', 'Unload(C4, P2, SFO)', 'Fly(P2, SFO, ORD)', 'Fly(P1, SFO, ORD)', 'Fly(P2, ORD, ATL)', 'Fly(P1, ORD, ATL)', 'Fly(P2, ATL, JFK)', 'Fly(P1, ATL, JFK)', 'Unload(C1, P1, JFK)', 'Fly(P2, JFK, ORD)', 'Fly(P1, JFK, ORD)', 'Fly(P2, ORD, ATL)', 'Fly(P1, ORD, ATL)', 'Fly(P2, ATL, SFO)', 'Fly(P1, ATL, SFO)', 'Load(C4, P2, SFO)', 'Fly(P2, SFO, ORD)', 'Fly(P1, SFO, ORD)', 'Fly(P2, ORD, ATL)', 'Fly(P1, ORD, ATL)', 'Fly(P2, ATL, JFK)', 'Load(C2, P2, JFK)', 'Fly(P1, ATL, ORD)', 'Fly(P2, JFK, ORD)', 'Fly(P1, ORD, SFO)', 'Fly(P2, ORD, ATL)', 'Fly(P1, SFO, JFK)', 'Fly(P2, ATL, SFO)', 'Unload(C4, P2, SFO)', 'Fly(P2, SFO, ORD)', 'Fly(P1, JFK, ORD)', 'Fly(P2, ORD, ATL)', 'Fly(P1, ORD, ATL)', 'Fly(P2, ATL, JFK)', 'Fly(P1, ATL, SFO)', 'Load(C4, P1, SFO)', 'Fly(P1, SFO, ORD)', 'Fly(P2, JFK, ORD)', 'Fly(P1, ORD, ATL)', 'Fly(P2, ORD, ATL)', 'Fly(P1, ATL, JFK)', 'Fly(P2, ATL, SFO)', 'Unload(C2, P2, SFO)', 'Fly(P2, SFO, ORD)', 'Fly(P1, JFK, ORD)', 'Fly(P2, ORD, ATL)', 'Fly(P1, ORD, SFO)', 'Fly(P2, ATL, JFK)', 'Fly(P1, SFO, ATL)', 'Load(C1, P2, JFK)', 'Fly(P1, ATL, ORD)', 'Fly(P2, JFK, ORD)', 'Fly(P1, ORD, SFO)', 'Fly(P2, ORD, ATL)', 'Fly(P1, SFO, JFK)', 'Fly(P2, ATL, SFO)', 'Unload(C4, P1, JFK)', 'Fly(P2, SFO, ORD)', 'Fly(P1, JFK, ORD)', 'Fly(P2, ORD, ATL)', 'Fly(P1, ORD, ATL)', 'Unload(C1, P2, ATL)', 'Fly(P2, ATL, ORD)', 'Fly(P1, ATL, ORD)', 'Fly(P2, ORD, SFO)', 'Fly(P1, ORD, SFO)', 'Fly(P2, SFO, JFK)', 'Fly(P1, SFO, JFK)', 'Load(C4, P2, JFK)', 'Fly(P2, JFK, ORD)', 'Fly(P1, JFK, ORD)', 'Fly(P2, ORD, ATL)', 'Fly(P1, ORD, ATL)', 'Fly(P2, ATL, SFO)', 'Fly(P1, ATL, SFO)', 'Unload(C4, P2, SFO)', 'Fly(P2, SFO, ORD)', 'Fly(P1, SFO, ORD)', 'Fly(P2, ORD, ATL)', 'Fly(P1, ORD, ATL)', 'Fly(P2, ATL, JFK)', 'Load(C1, P1, ATL)', 'Fly(P1, ATL, ORD)', 'Fly(P2, JFK, ORD)', 'Fly(P1, ORD, SFO)', 'Fly(P2, ORD, ATL)', 'Fly(P1, SFO, JFK)', 'Fly(P2, ATL, SFO)', 'Load(C4, P2, SFO)', 'Fly(P2, SFO, ATL)', 'Fly(P1, JFK, ORD)', 'Fly(P2, ATL, ORD)', 'Fly(P1, ORD, ATL)', 'Fly(P2, ORD, JFK)', 'Fly(P1, ATL, SFO)', 'Unload(C4, P2, JFK)', 'Fly(P1, SFO, ORD)', 'Fly(P2, JFK, ORD)', 'Fly(P1, ORD, JFK)', 'Fly(P2, ORD, ATL)', 'Load(C4, P1, JFK)', 'Fly(P2, ATL, JFK)', 'Fly(P1, JFK, ORD)', 'Fly(P2, JFK, ORD)', 'Fly(P1, ORD, ATL)', 'Fly(P2, ORD, SFO)', 'Fly(P1, ATL, SFO)', 'Load(C3, P2, SFO)', 'Fly(P1, SFO, ORD)', 'Fly(P2, SFO, ORD)', 'Fly(P1, ORD, ATL)', 'Fly(P2, ORD, ATL)', 'Fly(P1, ATL, JFK)', 'Fly(P2, ATL, JFK)', 'Unload(C3, P2, JFK)', 'Fly(P2, JFK, ORD)', 'Fly(P1, JFK, ORD)', 'Fly(P2, ORD, ATL)', 'Fly(P1, ORD, ATL)', 'Fly(P2, ATL, SFO)', 'Fly(P1, ATL, SFO)', 'Unload(C4, P1, SFO)', 'Fly(P2, SFO, ORD)', 'Fly(P1, SFO, ORD)', 'Fly(P2, ORD, ATL)', 'Fly(P1, ORD, ATL)', 'Fly(P2, ATL, JFK)', 'Fly(P1, ATL, JFK)', 'Unload(C1, P1, JFK)']"
Air Cargo Problem 3,uniform_cost_search,18235,18237,159716,45.12004062145181,"['Load(C1, P1, SFO)', 'Load(C2, P2, JFK)', 'Fly(P1, SFO, ATL)', 'Load(C3, P1, ATL)', 'Fly(P2, JFK, ORD)', 'Load(C4, P2, ORD)', 'Fly(P2, ORD, SFO)', 'Fly(P1, ATL, JFK)', 'Unload(C4, P2, SFO)', 'Unload(C3, P1, JFK)', 'Unload(C1, P1, JFK)', 'Unload(C2, P2, SFO)']"
Air Cargo Problem 3,greedy_best_first_graph_search with h_1,5614,5616,49429,13.997447407208881,"['Load(C1, P1, SFO)', 'Load(C2, P2, JFK)', 'Fly(P1, SFO, ORD)', 'Load(C4, P1, ORD)', 'Fly(P2, JFK, ATL)', 'Load(C3, P2, ATL)', 'Fly(P2, ATL, ORD)', 'Fly(P1, ORD, ATL)', 'Unload(C4, P1, ATL)', 'Fly(P1, ATL, ORD)', 'Fly(P2, ORD, ATL)', 'Load(C4, P2, ATL)', 'Fly(P2, ATL, ORD)', 'Unload(C3, P2, ORD)', 'Load(C3, P1, ORD)', 'Fly(P1, ORD, JFK)', 'Unload(C3, P1, JFK)', 'Unload(C1, P1, JFK)', 'Fly(P1, JFK, ORD)', 'Fly(P2, ORD, SFO)', 'Unload(C4, P2, SFO)', 'Unload(C2, P2, SFO)']"
Air Cargo Problem 3,astar_search with h_1,18235,18237,159716,45.83964505596032,"['Load(C1, P1, SFO)', 'Load(C2, P2, JFK)', 'Fly(P1, SFO, ATL)', 'Load(C3, P1, ATL)', 'Fly(P2, JFK, ORD)', 'Load(C4, P2, ORD)', 'Fly(P2, ORD, SFO)', 'Fly(P1, ATL, JFK)', 'Unload(C4, P2, SFO)', 'Unload(C3, P1, JFK)', 'Unload(C1, P1, JFK)', 'Unload(C2, P2, SFO)']"
Air Cargo Problem 3,astar_search with h_ignore_preconditions,5040,5042,44944,14.993989294554922,"['Load(C2, P2, JFK)', 'Fly(P2, JFK, ORD)', 'Load(C4, P2, ORD)', 'Fly(P2, ORD, SFO)', 'Unload(C4, P2, SFO)', 'Load(C1, P1, SFO)', 'Fly(P1, SFO, ATL)', 'Load(C3, P1, ATL)', 'Fly(P1, ATL, JFK)', 'Unload(C3, P1, JFK)', 'Unload(C1, P1, JFK)', 'Unload(C2, P2, SFO)']"
Air Cargo Problem 3,astar_search with h_pg_levelsum,318,320,2934,267.92514545441725,"['Load(C2, P2, JFK)', 'Fly(P2, JFK, ORD)', 'Load(C4, P2, ORD)', 'Fly(P2, ORD, SFO)', 'Load(C1, P1, SFO)', 'Fly(P1, SFO, ATL)', 'Load(C3, P1, ATL)', 'Fly(P1, ATL, JFK)', 'Unload(C4, P2, SFO)', 'Unload(C3, P1, JFK)', 'Unload(C1, P1, JFK)', 'Unload(C2, P2, SFO)']"
